{
    "region": {
        "top_left": [
            21.567178289734034,
            39.19277977198362
        ],
        "bottom_right": [
            21.55215205995897,
            39.21273574233055
        ]
    },
    "start": [
        21.55448612482135,
        39.19531278312206
    ],
    "end": [
        21.564484914626476,
        39.21003174036741
    ]
}