{
  "top_left": [
    21.567178289734034,
    39.192779771983624
  ],
  "bottom_right": [
    21.552152059958971,
    39.212735742330551
  ]
}