{
    "region": {
        "top_left": [
            21.559196237531047,
            39.19460467994213
        ],
        "bottom_right": [
            21.55494544939555,
            39.20113854110241
        ]
    },
    "start": [
        21.55851771632615,
        39.19539827853441
    ],
    "end": [
        21.555963566908606,
        39.19979743659496
    ]
}