{
  "top_left": [
    21.559196237531047,
    39.194604679942131
  ],
  "bottom_right": [
    21.55494544939555,
    39.201138541102409
  ]
}