{
    "region": {
        "top_left": [
            21.568906912545252,
            39.193497598171234
        ],
        "bottom_right": [
            21.565839091765024,
            39.200439155101776
        ]
    },
    "start": [
        21.568423311811916,
        39.194495379924774
    ],
    "end": [
        21.56653254529631,
        39.199688136577606
    ]
}