{
  "top_left": [
    21.568906912545252,
    39.193497598171234
  ],
  "bottom_right": [
    21.565839091765024,
    39.200439155101776
  ]
}