{
    "region": {
        "top_left": [
            21.560169111660333,
            39.193698428571224
        ],
        "bottom_right": [
            21.55818094910809,
            39.199269376695156
        ]
    },
    "start": [
        21.55954796970032,
        39.194948337972164
    ],
    "end": [
        21.558871944704187,
        39.198397658765316
    ]
}