{
  "top_left": [
    21.560169111660333,
    39.193698428571224
  ],
  "bottom_right": [
    21.558180949108088,
    39.199269376695156
  ]
}