{
    "region": {
        "top_left": [
            21.55834527913534,
            39.19337019324303
        ],
        "bottom_right": [
            21.55597791093277,
            39.19927641749382
        ]
    },
    "start": [
        21.558128251204124,
        39.193764477968216
    ],
    "end": [
        21.556369564609728,
        39.19869404286146
    ]
}