{
  "top_left": [
    21.558345279135342,
    39.193370193243027
  ],
  "bottom_right": [
    21.555977910932771,
    39.19927641749382
  ]
}