{
    "region": {
        "top_left": [
            17.568351106871834,
            44.74601559340954
        ],
        "bottom_right": [
            17.558941358099137,
            44.764468520879745
        ]
    },
    "start": [
        17.560853841716458,
        44.74958796054125
    ],
    "end": [
        17.567482008994716,
        44.76322364062071
    ]
}