{
  "top_left": [
    17.568351106871834,
    44.746015593409538
  ],
  "bottom_right": [
    17.558941358099137,
    44.764468520879745
  ]
}