{
    "region": {
        "top_left": [
            21.565036814273622,
            39.19289141893387
        ],
        "bottom_right": [
            21.569182230617226,
            39.19973038136959
        ]
    },
    "start": [
        21.568738229300553,
        39.19334203004837
    ],
    "end": [
        21.565635170895796,
        39.198824129998684
    ]
}