{
  "top_left": [
    21.565036814273622,
    39.192891418933868
  ],
  "bottom_right": [
    21.569182230617226,
    39.199730381369591
  ]
}