{
    "region": {
        "top_left": [
            21.55901725292589,
            39.19404610991478
        ],
        "bottom_right": [
            21.55455659833996,
            39.20253295451403
        ]
    },
    "start": [
        21.558278861139154,
        39.19521555304527
    ],
    "end": [
        21.556642411888625,
        39.201578088104725
    ]
}