{
  "top_left": [
    21.559017252925891,
    39.19404610991478
  ],
  "bottom_right": [
    21.554556598339961,
    39.202532954514027
  ]
}