{
    "region": {
        "top_left": [
            21.55992246374069,
            39.19480048120022
        ],
        "bottom_right": [
            21.557792106727042,
            39.19977329671383
        ]
    },
    "start": [
        21.558712604405287,
        39.19536106288433
    ],
    "end": [
        21.55884481632907,
        39.19827628880739
    ]
}