{
  "top_left": [
    21.559922463740691,
    39.194800481200218
  ],
  "bottom_right": [
    21.557792106727042,
    39.199773296713829
  ]
}