{
    "region": {
        "top_left": [
            21.55942542481264,
            39.19338159263134
        ],
        "bottom_right": [
            21.554775502590918,
            39.20168571174145
        ]
    },
    "start": [
        21.558288215788338,
        39.19521655887365
    ],
    "end": [
        21.555743728969414,
        39.20046295970678
    ]
}