{
  "top_left": [
    21.559425424812641,
    39.19338159263134
  ],
  "bottom_right": [
    21.554775502590918,
    39.201685711741447
  ]
}