{
    "region": {
        "top_left": [
            21.569997580616473,
            39.192969873547554
        ],
        "bottom_right": [
            21.563971365440615,
            39.20128505676985
        ]
    },
    "start": [
        21.56920935705807,
        39.1940001770854
    ],
    "end": [
        21.56497850633107,
        39.200201109051704
    ]
}