{
  "top_left": [
    21.569997580616473,
    39.192969873547554
  ],
  "bottom_right": [
    21.563971365440615,
    39.201285056769848
  ]
}