{
    "region": {
        "top_left": [
            21.560338428510224,
            39.19353682547808
        ],
        "bottom_right": [
            21.55652204732371,
            39.200869649648666
        ]
    },
    "start": [
        21.55984981010156,
        39.19414836913347
    ],
    "end": [
        21.557035934717085,
        39.20008074492216
    ]
}