{
  "top_left": [
    21.560338428510224,
    39.193536825478077
  ],
  "bottom_right": [
    21.55652204732371,
    39.200869649648666
  ]
}