{
    "region": {
        "top_left": [
            21.558545156583534,
            39.19625122100115
        ],
        "bottom_right": [
            21.55780457963436,
            39.19838424772024
        ]
    },
    "start": [
        21.55841263256519,
        39.19663645327091
    ],
    "end": [
        21.55809052074041,
        39.197958782315254
    ]
}