{
  "top_left": [
    21.558545156583534,
    39.196251221001148
  ],
  "bottom_right": [
    21.557804579634361,
    39.198384247720242
  ]
}