{
    "region": {
        "top_left": [
            21.559226484036568,
            39.19426638633013
        ],
        "bottom_right": [
            21.55768483967983,
            39.20023128390312
        ]
    },
    "start": [
        21.558577585971925,
        39.19525880366564
    ],
    "end": [
        21.558228657844847,
        39.19918589293957
    ]
}