{
  "top_left": [
    21.559226484036568,
    39.194266386330128
  ],
  "bottom_right": [
    21.55768483967983,
    39.200231283903122
  ]
}