{
    "region": {
        "top_left": [
            21.55843071820307,
            39.19582575559616
        ],
        "bottom_right": [
            21.55738891942023,
            39.1978494822979
        ]
    },
    "start": [
        21.558160992507656,
        39.19632397592068
    ],
    "end": [
        21.55772880670588,
        39.19737674295902
    ]
}