{
  "top_left": [
    21.55843071820307,
    39.195825755596161
  ],
  "bottom_right": [
    21.55738891942023,
    39.1978494822979
  ]
}