{
    "region": {
        "top_left": [
            21.571746748122163,
            39.19990438967943
        ],
        "bottom_right": [
            21.560970168823996,
            39.228699915111065
        ]
    },
    "start": [
        21.56891314852097,
        39.20428141951561
    ],
    "end": [
        21.568354092232585,
        39.22432288527489
    ]
}