{
  "top_left": [
    21.571746748122163,
    39.199904389679432
  ],
  "bottom_right": [
    21.560970168823996,
    39.228699915111065
  ]
}