{
    "region": {
        "top_left": [
            21.56974658426026,
            39.19089786708355
        ],
        "bottom_right": [
            21.565650761186436,
            39.1996143758297
        ]
    },
    "start": [
        21.569088067530277,
        39.19215314090252
    ],
    "end": [
        21.566728046209512,
        39.198359437286854
    ]
}