{
  "top_left": [
    21.569746584260258,
    39.190897867083549
  ],
  "bottom_right": [
    21.565650761186436,
    39.1996143758297
  ]
}