{
    "region": {
        "top_left": [
            21.55964494535227,
            39.19481925666332
        ],
        "bottom_right": [
            21.556926172514142,
            39.200322814285755
        ]
    },
    "start": [
        21.55891653501087,
        39.19607989490032
    ],
    "end": [
        21.557863825929473,
        39.198971316218376
    ]
}