{
  "top_left": [
    21.559644945352272,
    39.194819256663322
  ],
  "bottom_right": [
    21.556926172514142,
    39.200322814285755
  ]
}