{
    "region": {
        "top_left": [
            21.626117547100918,
            39.24634985625744
        ],
        "bottom_right": [
            21.622637024150446,
            39.25504490733147
        ]
    },
    "start": [
        21.62561387850911,
        39.24697749316692
    ],
    "end": [
        21.623020705501986,
        39.25436932593584
    ]
}