{
  "top_left": [
    21.626117547100918,
    39.246349856257439
  ],
  "bottom_right": [
    21.622637024150446,
    39.255044907331467
  ]
}