{
    "region": {
        "top_left": [
            21.56821596477504,
            39.193316884338856
        ],
        "bottom_right": [
            21.557510218735608,
            39.209645837545395
        ]
    },
    "start": [
        21.565033072588168,
        39.19685672968626
    ],
    "end": [
        21.559405780202706,
        39.205622524023056
    ]
}