{
  "top_left": [
    21.568215964775039,
    39.193316884338856
  ],
  "bottom_right": [
    21.557510218735608,
    39.209645837545395
  ]
}