{
    "region": {
        "top_left": [
            21.55959536616854,
            39.1931452229619
        ],
        "bottom_right": [
            21.55386807683286,
            39.20223321765661
        ]
    },
    "start": [
        21.558687035104235,
        39.19362802058458
    ],
    "end": [
        21.55505521309748,
        39.198639057576656
    ]
}