{
  "top_left": [
    21.559595366168541,
    39.1931452229619
  ],
  "bottom_right": [
    21.55386807683286,
    39.202233217656612
  ]
}