{
    "region": {
        "top_left": [
            17.568124803008573,
            44.7488322481513
        ],
        "bottom_right": [
            17.55939974227427,
            44.768315479159355
        ]
    },
    "start": [
        17.56695875827838,
        44.7510427236557
    ],
    "end": [
        17.56078096121344,
        44.76620223373175
    ]
}