{
  "top_left": [
    17.568124803008573,
    44.7488322481513
  ],
  "bottom_right": [
    17.55939974227427,
    44.768315479159355
  ]
}