{
    "region": {
        "top_left": [
            21.564484914626476,
            39.19466905295849
        ],
        "bottom_right": [
            21.558796795974462,
            39.20247931033373
        ]
    },
    "start": [
        21.56334712166134,
        39.1958911344409
    ],
    "end": [
        21.55959349525562,
        39.200180657207966
    ]
}