{
  "top_left": [
    21.564484914626476,
    39.194669052958488
  ],
  "bottom_right": [
    21.558796795974462,
    39.202479310333729
  ]
}