{
    "region": {
        "top_left": [
            21.559580087045614,
            39.19366557151079
        ],
        "bottom_right": [
            21.557195276858184,
            39.20236129313707
        ]
    },
    "start": [
        21.5591260780867,
        39.194776341319084
    ],
    "end": [
        21.557779010173213,
        39.20111674815416
    ]
}