{
  "top_left": [
    21.559580087045614,
    39.193665571510792
  ],
  "bottom_right": [
    21.557195276858184,
    39.202361293137074
  ]
}