{
    "region": {
        "top_left": [
            21.56960565195414,
            39.19238146394491
        ],
        "bottom_right": [
            21.56722848992955,
            39.19693820178509
        ]
    },
    "start": [
        21.569273899258995,
        39.19292327016592
    ],
    "end": [
        21.567667507047595,
        39.19651173055172
    ]
}