{
  "top_left": [
    21.569605651954141,
    39.192381463944912
  ],
  "bottom_right": [
    21.567228489929551,
    39.196938201785088
  ]
}