{
    "region": {
        "top_left": [
            21.557664883011146,
            39.19537112116814
        ],
        "bottom_right": [
            21.556840420735305,
            39.196937531232834
        ]
    },
    "start": [
        21.557455337824,
        39.195650070905685
    ],
    "end": [
        21.557074912752125,
        39.196607619524
    ]
}