{
  "top_left": [
    21.557664883011146,
    39.195371121168137
  ],
  "bottom_right": [
    21.556840420735305,
    39.196937531232834
  ]
}