{
    "region": {
        "top_left": [
            21.559315664418225,
            39.19417552649975
        ],
        "bottom_right": [
            21.555225159574377,
            39.20162133872509
        ]
    },
    "start": [
        21.556302833882828,
        39.19515185058117
    ],
    "end": [
        21.55851771632615,
        39.200591035187244
    ]
}