{
  "top_left": [
    21.559315664418225,
    39.194175526499748
  ],
  "bottom_right": [
    21.555225159574377,
    39.20162133872509
  ]
}