{
    "region": {
        "top_left": [
            21.5579645445756,
            39.195243045687675
        ],
        "bottom_right": [
            21.55704310667632,
            39.19782768934965
        ]
    },
    "start": [
        21.557800214116924,
        39.19584754854441
    ],
    "end": [
        21.55737176912324,
        39.19749207794666
    ]
}