{
  "top_left": [
    21.5579645445756,
    39.195243045687675
  ],
  "bottom_right": [
    21.557043106676321,
    39.197827689349651
  ]
}