{
    "region": {
        "top_left": [
            21.559648063539367,
            39.1945319250226
        ],
        "bottom_right": [
            21.558246119862236,
            39.19804561883211
        ]
    },
    "start": [
        21.559478434064296,
        39.19507909566164
    ],
    "end": [
        21.558490587884762,
        39.19756282120943
    ]
}