{
  "top_left": [
    21.559648063539367,
    39.1945319250226
  ],
  "bottom_right": [
    21.558246119862236,
    39.198045618832111
  ]
}