{
    "region": {
        "top_left": [
            21.55999449370749,
            39.19315628707409
        ],
        "bottom_right": [
            21.554376672518806,
            39.203219935297966
        ]
    },
    "start": [
        21.559315976237645,
        39.19406823813915
    ],
    "end": [
        21.555564740103332,
        39.196933172643185
    ]
}