{
  "top_left": [
    21.559994493707489,
    39.193156287074089
  ],
  "bottom_right": [
    21.554376672518806,
    39.203219935297966
  ]
}