{
    "region": {
        "top_left": [
            21.55954547514893,
            39.19351067394018
        ],
        "bottom_right": [
            21.554885890079344,
            39.20156769454479
        ]
    },
    "start": [
        21.558807086051786,
        39.19417552649975
    ],
    "end": [
        21.555963566908606,
        39.20009817928076
    ]
}