{
  "top_left": [
    21.55954547514893,
    39.193510673940182
  ],
  "bottom_right": [
    21.554885890079344,
    39.201567694544792
  ]
}