{
    "region": {
        "top_left": [
            21.55915632460688,
            39.19389624148607
        ],
        "bottom_right": [
            21.55506487978316,
            39.200333543121815
        ]
    },
    "start": [
        21.557978888401873,
        39.19567655771971
    ],
    "end": [
        21.556561025496862,
        39.197542034089565
    ]
}