{
  "top_left": [
    21.559156324606882,
    39.193896241486073
  ],
  "bottom_right": [
    21.55506487978316,
    39.200333543121815
  ]
}