{
    "region": {
        "top_left": [
            21.559654611732036,
            39.1941088065505
        ],
        "bottom_right": [
            21.557072729982444,
            39.199915789067745
        ]
    },
    "start": [
        21.55925049414472,
        39.194444082677364
    ],
    "end": [
        21.557504294092734,
        39.197442792356014
    ]
}