{
  "top_left": [
    21.559654611732036,
    39.1941088065505
  ],
  "bottom_right": [
    21.557072729982444,
    39.199915789067745
  ]
}