{
    "region": {
        "top_left": [
            21.55914634637411,
            39.19362802058458
        ],
        "bottom_right": [
            21.55483599743961,
            39.20175042003393
        ]
    },
    "start": [
        21.55840826706606,
        39.19466905295849
    ],
    "end": [
        21.55625294173051,
        39.1999801620841
    ]
}