{
  "top_left": [
    21.55914634637411,
    39.193628020584583
  ],
  "bottom_right": [
    21.554835997439611,
    39.201750420033932
  ]
}