{
    "region": {
        "top_left": [
            21.55926171964847,
            39.196071177721024
        ],
        "bottom_right": [
            21.556644906489936,
            39.196527153253555
        ]
    },
    "start": [
        21.55888254659653,
        39.196258932352066
    ],
    "end": [
        21.55803439275971,
        39.196307212114334
    ]
}