{
  "top_left": [
    21.559261719648472,
    39.196071177721024
  ],
  "bottom_right": [
    21.556644906489936,
    39.196527153253555
  ]
}