{
    "region": {
        "top_left": [
            21.568610079791206,
            39.19367998838425
        ],
        "bottom_right": [
            21.56653254529631,
            39.199116826057434
        ]
    },
    "start": [
        21.567101274493467,
        39.1943334415555
    ],
    "end": [
        21.56764848715739,
        39.1988180950284
    ]
}