{
  "top_left": [
    21.568610079791206,
    39.193679988384247
  ],
  "bottom_right": [
    21.566532545296312,
    39.199116826057434
  ]
}