{
    "region": {
        "top_left": [
            21.559029413907805,
            39.195103235542774
        ],
        "bottom_right": [
            21.557480283695483,
            39.19864106923342
        ]
    },
    "start": [
        21.558782452229103,
        39.195575304329395
    ],
    "end": [
        21.557976705645796,
        39.19826287776232
    ]
}