{
  "top_left": [
    21.559029413907805,
    39.195103235542774
  ],
  "bottom_right": [
    21.557480283695483,
    39.198641069233418
  ]
}