{
    "region": {
        "top_left": [
            21.559655235369423,
            39.1930815204978
        ],
        "bottom_right": [
            21.554775502590918,
            39.20156769454479
        ]
    },
    "start": [
        21.558238324319024,
        39.194239899516106
    ],
    "end": [
        21.555683858153778,
        39.20052733272314
    ]
}