{
  "top_left": [
    21.559655235369423,
    39.1930815204978
  ],
  "bottom_right": [
    21.554775502590918,
    39.201567694544792
  ]
}