{
    "region": {
        "top_left": [
            21.569817050361905,
            39.19075135141611
        ],
        "bottom_right": [
            21.565961007621706,
            39.19991880655289
        ]
    },
    "start": [
        21.569128601316933,
        39.19251624494791
    ],
    "end": [
        21.566584616538197,
        39.19865816831589
    ]
}