{
  "top_left": [
    21.569817050361905,
    39.190751351416111
  ],
  "bottom_right": [
    21.565961007621706,
    39.199918806552887
  ]
}