{
    "region": {
        "top_left": [
            21.558917158651436,
            39.19466905295849
        ],
        "bottom_right": [
            21.556641476413105,
            39.201384633779526
        ]
    },
    "start": [
        21.557679226867034,
        39.197005927562714
    ],
    "end": [
        21.55755855133943,
        39.19932436197996
    ]
}