{
  "top_left": [
    21.558917158651436,
    39.194669052958488
  ],
  "bottom_right": [
    21.556641476413105,
    39.201384633779526
  ]
}