{
    "region": {
        "top_left": [
            21.559824552819347,
            39.19304933398962
        ],
        "bottom_right": [
            21.556392327888055,
            39.20086495578289
        ]
    },
    "start": [
        21.556901226547353,
        39.19451918452978
    ],
    "end": [
        21.55922617221696,
        39.19991511851549
    ]
}