{
  "top_left": [
    21.559824552819347,
    39.19304933398962
  ],
  "bottom_right": [
    21.556392327888055,
    39.20086495578289
  ]
}