{
    "region": {
        "top_left": [
            21.558670196781556,
            39.199984185397625
        ],
        "bottom_right": [
            21.556901538371964,
            39.198010079562664
        ]
    },
    "start": [
        21.55853299556101,
        39.19968914240599
    ],
    "end": [
        21.557365532651115,
        39.198251478374004
    ]
}