{
  "top_left": [
    21.558670196781556,
    39.199984185397625
  ],
  "bottom_right": [
    21.556901538371964,
    39.198010079562664
  ]
}