{
    "region": {
        "top_left": [
            21.55999480552544,
            39.194272086024284
        ],
        "bottom_right": [
            21.55802410262755,
            39.20076806098223
        ]
    },
    "start": [
        21.55952052963269,
        39.195559211075306
    ],
    "end": [
        21.55841325620792,
        39.19974345713854
    ]
}