{
  "top_left": [
    21.559994805525442,
    39.194272086024284
  ],
  "bottom_right": [
    21.558024102627549,
    39.200768060982227
  ]
}