{
    "region": {
        "top_left": [
            21.568620057372648,
            39.19475723057985
        ],
        "bottom_right": [
            21.566367600939603,
            39.19916141778231
        ]
    },
    "start": [
        21.568078772587597,
        39.19593472033739
    ],
    "end": [
        21.566863992462643,
        39.1984985768795
    ]
}