{
  "top_left": [
    21.568620057372648,
    39.194757230579853
  ],
  "bottom_right": [
    21.566367600939603,
    39.199161417782307
  ]
}