{
    "region": {
        "top_left": [
            17.56914540562098,
            44.74260114133358
        ],
        "bottom_right": [
            17.561545246081746,
            44.76296480745077
        ]
    },
    "start": [
        17.567120176650945,
        44.74591635167599
    ],
    "end": [
        17.56580069709882,
        44.76081904023886
    ]
}