{
  "top_left": [
    17.569145405620979,
    44.74260114133358
  ],
  "bottom_right": [
    17.561545246081746,
    44.762964807450771
  ]
}