{
    "region": {
        "top_left": [
            17.56914700380407,
            44.75069370120764
        ],
        "bottom_right": [
            17.56185466705985,
            44.77031607180834
        ]
    },
    "start": [
        17.56794005190473,
        44.75341882556677
    ],
    "end": [
        17.564135032213272,
        44.76567082107067
    ]
}