{
  "top_left": [
    17.569147003804069,
    44.750693701207638
  ],
  "bottom_right": [
    17.561854667059851,
    44.770316071808338
  ]
}