{
    "region": {
        "top_left": [
            21.559756264589844,
            39.19338192790747
        ],
        "bottom_right": [
            21.555954212109462,
            39.200462624430656
        ]
    },
    "start": [
        21.556218952691914,
        39.19360186904669
    ],
    "end": [
        21.559436962122007,
        39.20008175075054
    ]
}