{
  "top_left": [
    21.559756264589844,
    39.193381927907467
  ],
  "bottom_right": [
    21.555954212109462,
    39.200462624430656
  ]
}